<?xml version="1.0" encoding="UTF-8"?>
<project-private xmlns="http://www.netbeans.org/ns/project-private/1">
    <editor-bookmarks xmlns="http://www.netbeans.org/ns/editor-bookmarks/2" lastBookmarkId="0"/>
    <open-files xmlns="http://www.netbeans.org/ns/projectui-open-files/2">
        <group>
            <file>file:/C:/Users/blai4544/Desktop/Test_MPLab_Code/Code_For_Lab/lab6.c</file>
            <file>file:/C:/Users/blai4544/Desktop/Test_MPLab_Code/Code_For_Lab/LCDlib.c</file>
        </group>
    </open-files>
</project-private>
